Workbook

Sheet Read me
A1: Material service provider register
A2: RiskLens Australia · free template · version 1.0 (September 2026)
A4: What this is | B4: An internal register of material service providers and the critical operations they support, for managing arrangements under CPS 230. Background: https://hayesskvaril-ctrl.github.io/risk-management/third-party-risk.html and https://hayesskvaril-ctrl.github.io/standards/cps-230.html
A5: APRA submission | B5: APRA publishes its own material service provider register template (updated 30 April 2026), which is its preferred way to submit registers. Use APRA's official template for submission. This workbook captures similar information for internal management and adds due diligence, contract and review tracking.
A6: How to use it | B6: 1. Record each material arrangement and the critical operations it supports. 2. Record where services are delivered and data is held, including offshore locations and key fourth parties. 3. Track contract dates, due diligence and performance reviews. Alerts calculate automatically. 4. Record APRA notifications for new or materially changed arrangements.
A7: Alerts | B7: Contract alert: 'Ending soon' within 180 days of contract end. Review alert: 'OVERDUE' if the last review was more than 12 months ago.
A8: Colour key | B8: Pale yellow cells: fill these in (many have drop-down lists). Grey-blue cells: calculated automatically; don't type over them. Green rows: worked examples. Replace or delete them.
A9: Important | B9: RiskLens Australia provides general educational information only. It is not legal, financial or compliance advice and does not take into account your circumstances. Always refer to the official legislation and regulator guidance, and seek professional advice where appropriate.
A11: Fill in
A12: Calculated
A13: Example

Sheet MSP register
A1: MSP register
A2: Fill in the yellow cells. Grey-blue cells calculate automatically.
A4: Provider ID | B4: Provider legal name | C4: ABN or overseas identifier | D4: Related party? | E4: Service category | F4: Description of services | G4: Critical operations supported | H4: Service delivery locations | I4: Data storage and processing locations | J4: Offshore? | K4: Key fourth parties | L4: Contract start | M4: Contract end | N4: Contract alert | O4: Contract meets CPS 230 requirements? | P4: Exit or contingency plan in place? | Q4: Last due diligence or review | R4: Review alert | S4: Performance | T4: APRA notified (date) | U4: Relationship owner | V4: Notes
A5: MSP-01 | B5: Example Administration Services Pty Ltd (fictional) | C5: 00 000 000 000 | D5: No | E5: Fund administration | F5: Member administration, contributions processing, benefit payments and call centre | G5: Fund administration; paying benefits; member enquiries | H5: Australia; Philippines (call centre overflow) | I5: Australia (cloud region: Sydney) | J5: Yes | K5: Cloud hosting provider; print and mail house | L5: 44743 | M5: 46477 | N5: =IF(M5="","",IF(M5<TODAY(),"Expired",IF(M5-TODAY()<=180,"Ending soon","OK"))) -> OK | O5: Yes | P5: Yes | Q5: 45870 | R5: =IF(Q5="","",IF(EDATE(Q5,12)<TODAY(),"OVERDUE",IF(EDATE(Q5,12)-TODAY()<=30,"Due soon","Current"))) -> OVERDUE | S5: Some concerns | T5: 45848 | U5: Head of Operations | V5: Two outages this year; recovery within tolerance but close to the limit.
N6: =IF(M6="","",IF(M6<TODAY(),"Expired",IF(M6-TODAY()<=180,"Ending soon","OK"))) | R6: =IF(Q6="","",IF(EDATE(Q6,12)<TODAY(),"OVERDUE",IF(EDATE(Q6,12)-TODAY()<=30,"Due soon","Current")))
N7: =IF(M7="","",IF(M7<TODAY(),"Expired",IF(M7-TODAY()<=180,"Ending soon","OK"))) | R7: =IF(Q7="","",IF(EDATE(Q7,12)<TODAY(),"OVERDUE",IF(EDATE(Q7,12)-TODAY()<=30,"Due soon","Current")))
N8: =IF(M8="","",IF(M8<TODAY(),"Expired",IF(M8-TODAY()<=180,"Ending soon","OK"))) | R8: =IF(Q8="","",IF(EDATE(Q8,12)<TODAY(),"OVERDUE",IF(EDATE(Q8,12)-TODAY()<=30,"Due soon","Current")))
N9: =IF(M9="","",IF(M9<TODAY(),"Expired",IF(M9-TODAY()<=180,"Ending soon","OK"))) | R9: =IF(Q9="","",IF(EDATE(Q9,12)<TODAY(),"OVERDUE",IF(EDATE(Q9,12)-TODAY()<=30,"Due soon","Current")))
N10: =IF(M10="","",IF(M10<TODAY(),"Expired",IF(M10-TODAY()<=180,"Ending soon","OK"))) | R10: =IF(Q10="","",IF(EDATE(Q10,12)<TODAY(),"OVERDUE",IF(EDATE(Q10,12)-TODAY()<=30,"Due soon","Current")))
N11: =IF(M11="","",IF(M11<TODAY(),"Expired",IF(M11-TODAY()<=180,"Ending soon","OK"))) | R11: =IF(Q11="","",IF(EDATE(Q11,12)<TODAY(),"OVERDUE",IF(EDATE(Q11,12)-TODAY()<=30,"Due soon","Current")))
N12: =IF(M12="","",IF(M12<TODAY(),"Expired",IF(M12-TODAY()<=180,"Ending soon","OK"))) | R12: =IF(Q12="","",IF(EDATE(Q12,12)<TODAY(),"OVERDUE",IF(EDATE(Q12,12)-TODAY()<=30,"Due soon","Current")))
N13: =IF(M13="","",IF(M13<TODAY(),"Expired",IF(M13-TODAY()<=180,"Ending soon","OK"))) | R13: =IF(Q13="","",IF(EDATE(Q13,12)<TODAY(),"OVERDUE",IF(EDATE(Q13,12)-TODAY()<=30,"Due soon","Current")))
N14: =IF(M14="","",IF(M14<TODAY(),"Expired",IF(M14-TODAY()<=180,"Ending soon","OK"))) | R14: =IF(Q14="","",IF(EDATE(Q14,12)<TODAY(),"OVERDUE",IF(EDATE(Q14,12)-TODAY()<=30,"Due soon","Current")))
N15: =IF(M15="","",IF(M15<TODAY(),"Expired",IF(M15-TODAY()<=180,"Ending soon","OK"))) | R15: =IF(Q15="","",IF(EDATE(Q15,12)<TODAY(),"OVERDUE",IF(EDATE(Q15,12)-TODAY()<=30,"Due soon","Current")))
N16: =IF(M16="","",IF(M16<TODAY(),"Expired",IF(M16-TODAY()<=180,"Ending soon","OK"))) | R16: =IF(Q16="","",IF(EDATE(Q16,12)<TODAY(),"OVERDUE",IF(EDATE(Q16,12)-TODAY()<=30,"Due soon","Current")))
N17: =IF(M17="","",IF(M17<TODAY(),"Expired",IF(M17-TODAY()<=180,"Ending soon","OK"))) | R17: =IF(Q17="","",IF(EDATE(Q17,12)<TODAY(),"OVERDUE",IF(EDATE(Q17,12)-TODAY()<=30,"Due soon","Current")))
... N64: =IF(M64="","",IF(M64<TODAY(),"Expired",IF(M64-TODAY()<=180,"Ending soon","OK"))) | R64: =IF(Q64="","",IF(EDATE(Q64,12)<TODAY(),"OVERDUE",IF(EDATE(Q64,12)-TODAY()<=30,"Due soon","Current")))

Sheet Dashboard
A1: Dashboard
A2: Updates automatically from the register.
A4: Measure | B4: Value
A5: Arrangements recorded | B5: =COUNTA('MSP register'!$A$5:$A$64) -> 1
A6: Offshore arrangements | B6: =COUNTIF('MSP register'!$J$5:$J$64,"Yes") -> 1
A7: Contracts ending within 180 days | B7: =COUNTIF('MSP register'!$N$5:$N$64,"Ending soon") -> 0
A8: Reviews overdue | B8: =COUNTIF('MSP register'!$R$5:$R$64,"OVERDUE") -> 1
A9: Contracts not yet meeting CPS 230 | B9: =COUNTIF('MSP register'!$O$5:$O$64,"No") -> 0
A10: No exit or contingency plan | B10: =COUNTIF('MSP register'!$P$5:$P$64,"No") -> 0
A11: Serious performance concerns | B11: =COUNTIF('MSP register'!$S$5:$S$64,"Serious concerns") -> 0
A13: Arrangements by service category | B13: Count
A14: Core technology | B14: =COUNTIF('MSP register'!$E$5:$E$64,A14) -> 0
A15: Cloud hosting | B15: =COUNTIF('MSP register'!$E$5:$E$64,A15) -> 0
A16: Fund administration | B16: =COUNTIF('MSP register'!$E$5:$E$64,A16) -> 1
A17: Custody | B17: =COUNTIF('MSP register'!$E$5:$E$64,A17) -> 0
A18: Investment management | B18: =COUNTIF('MSP register'!$E$5:$E$64,A18) -> 0
A19: Insurance (group insurer) | B19: =COUNTIF('MSP register'!$E$5:$E$64,A19) -> 0
A20: Claims management | B20: =COUNTIF('MSP register'!$E$5:$E$64,A20) -> 0
A21: Credit assessment | B21: =COUNTIF('MSP register'!$E$5:$E$64,A21) -> 0
A22: Payments | B22: =COUNTIF('MSP register'!$E$5:$E$64,A22) -> 0
A23: Internal audit | B23: =COUNTIF('MSP register'!$E$5:$E$64,A23) -> 0
A24: Risk management | B24: =COUNTIF('MSP register'!$E$5:$E$64,A24) -> 0
A25: Data centre | B25: =COUNTIF('MSP register'!$E$5:$E$64,A25) -> 0
A26: Other | B26: =COUNTIF('MSP register'!$E$5:$E$64,A26) -> 0

Sheet Lists
A1: Drop-down lists
A2: Edit these values to suit your organisation. The drop-downs read from this tab.
A4: Yes / No | B4: Service category | C4: Performance
A5: Yes | B5: Core technology | C5: Meeting expectations
A6: No | B6: Cloud hosting | C6: Some concerns
A7: Unknown | B7: Fund administration | C7: Serious concerns
B8: Custody
B9: Investment management
B10: Insurance (group insurer)
B11: Claims management
B12: Credit assessment
B13: Payments
B14: Internal audit
B15: Risk management
B16: Data centre
B17: Other
