Workbook

Sheet Read me
A1: Obligations register template
A2: RiskLens Australia · free template · version 1.0 (September 2026)
A4: What this is | B4: A register of the organisation's compliance obligations: where each comes from, who owns it, the controls that ensure it is met, and when it was last reviewed. Background: https://hayesskvaril-ctrl.github.io/compliance/designing-a-compliance-program.html
A5: How to use it | B5: 1. Record each obligation in plain English, with its source reference (legislation section, standard paragraph, code clause). 2. Assign an obligation owner and list the key controls. 3. Rate inherent compliance risk and control effectiveness. Residual risk calculates using a simple rule. 4. Set a review frequency. The next review date and review status calculate automatically. 5. Use the Dashboard to report coverage, overdue reviews and higher-risk obligations.
A6: Residual risk rule | B6: A simple, illustrative rule: effective controls reduce the inherent rating by one level; ineffective controls increase it by one level; partially effective or untested controls leave it unchanged. Replace it with your own methodology if you have one.
A7: Keeping it current | B7: Link the register to your regulatory change process so new or changed obligations are added promptly.
A8: Colour key | B8: Pale yellow cells: fill these in (many have drop-down lists). Grey-blue cells: calculated automatically; don't type over them. Green rows: worked examples. Replace or delete them.
A9: Important | B9: RiskLens Australia provides general educational information only. It is not legal, financial or compliance advice and does not take into account your circumstances. Always refer to the official legislation and regulator guidance, and seek professional advice where appropriate.
A11: Fill in
A12: Calculated
A13: Example

Sheet Obligations register
A1: Obligations register
A2: Fill in the yellow cells. Grey-blue cells calculate automatically.
A4: Obligation ID | B4: Source type | C4: Source reference | D4: Obligation (plain English) | E4: Business area | F4: Obligation owner | G4: Key controls | H4: Control owner | I4: Inherent compliance risk | J4: Control effectiveness | K4: Residual compliance risk | L4: Last reviewed | M4: Review frequency (months) | N4: Next review due | O4: Review status | P4: Notes and recent changes
A5: OB-001 | B5: Legislation | C5: Corporations Act ss 912D, 912DAA | D5: Report reportable situations (including significant breaches) to ASIC within 30 days of reasonable grounds. | E5: Compliance | F5: Head of Compliance | G5: Breach register; significance assessment procedure; 30-day deadline tracking; monthly review by Compliance Committee | H5: Compliance Manager | I5: High | J5: Effective | K5: =IF(OR(I5="",J5=""),"",CHOOSE(MAX(1,MIN(4,MATCH(I5,{"Low","Medium","High","Extreme"},0)+IF(J5="Effective",-1,IF(J5="Ineffective",1,0)))),"Low","Medium","High","Extreme")) -> Medium | L5: 46112 | M5: 12 | N5: =IF(OR(L5="",M5=""),"",EDATE(L5,M5)) -> 46477 | O5: =IF(N5="","",IF(N5<TODAY(),"OVERDUE",IF(N5-TODAY()<=30,"Due soon","Current"))) -> Current | P5: ASIC relief extended the investigation period to 60 days from 27 June 2025.
A6: OB-002 | B6: Legislation | C6: Privacy Act 1988, APP 11 | D6: Take reasonable steps to protect personal information from misuse, interference, loss and unauthorised access; destroy or de-identify it when no longer needed. | E6: Technology and operations | F6: Chief Information Security Officer | G6: Access management; MFA; data retention schedule; annual destruction review | H6: IT Security Manager | I6: Extreme | J6: Partially effective | K6: =IF(OR(I6="",J6=""),"",CHOOSE(MAX(1,MIN(4,MATCH(I6,{"Low","Medium","High","Extreme"},0)+IF(J6="Effective",-1,IF(J6="Ineffective",1,0)))),"Low","Medium","High","Extreme")) -> Extreme | L6: 45884 | M6: 12 | N6: =IF(OR(L6="",M6=""),"",EDATE(L6,M6)) -> 46249 | O6: =IF(N6="","",IF(N6<TODAY(),"OVERDUE",IF(N6-TODAY()<=30,"Due soon","Current"))) -> OVERDUE
A7: OB-003 | B7: Prudential standard | C7: CPS 230 (notification of material operational risk incidents) | D7: Notify APRA as soon as possible, and within 72 hours, of a material operational risk incident. | E7: Risk | F7: Chief Risk Officer | G7: Incident management procedure; materiality criteria; APRA notification checklist | H7: Operational Risk Manager | I7: High | J7: Not tested | K7: =IF(OR(I7="",J7=""),"",CHOOSE(MAX(1,MIN(4,MATCH(I7,{"Low","Medium","High","Extreme"},0)+IF(J7="Effective",-1,IF(J7="Ineffective",1,0)))),"Low","Medium","High","Extreme")) -> High | L7: 46204 | M7: 6 | N7: =IF(OR(L7="",M7=""),"",EDATE(L7,M7)) -> 46388 | O7: =IF(N7="","",IF(N7<TODAY(),"OVERDUE",IF(N7-TODAY()<=30,"Due soon","Current"))) -> Current
K8: =IF(OR(I8="",J8=""),"",CHOOSE(MAX(1,MIN(4,MATCH(I8,{"Low","Medium","High","Extreme"},0)+IF(J8="Effective",-1,IF(J8="Ineffective",1,0)))),"Low","Medium","High","Extreme")) | N8: =IF(OR(L8="",M8=""),"",EDATE(L8,M8)) | O8: =IF(N8="","",IF(N8<TODAY(),"OVERDUE",IF(N8-TODAY()<=30,"Due soon","Current")))
K9: =IF(OR(I9="",J9=""),"",CHOOSE(MAX(1,MIN(4,MATCH(I9,{"Low","Medium","High","Extreme"},0)+IF(J9="Effective",-1,IF(J9="Ineffective",1,0)))),"Low","Medium","High","Extreme")) | N9: =IF(OR(L9="",M9=""),"",EDATE(L9,M9)) | O9: =IF(N9="","",IF(N9<TODAY(),"OVERDUE",IF(N9-TODAY()<=30,"Due soon","Current")))
K10: =IF(OR(I10="",J10=""),"",CHOOSE(MAX(1,MIN(4,MATCH(I10,{"Low","Medium","High","Extreme"},0)+IF(J10="Effective",-1,IF(J10="Ineffective",1,0)))),"Low","Medium","High","Extreme")) | N10: =IF(OR(L10="",M10=""),"",EDATE(L10,M10)) | O10: =IF(N10="","",IF(N10<TODAY(),"OVERDUE",IF(N10-TODAY()<=30,"Due soon","Current")))
K11: =IF(OR(I11="",J11=""),"",CHOOSE(MAX(1,MIN(4,MATCH(I11,{"Low","Medium","High","Extreme"},0)+IF(J11="Effective",-1,IF(J11="Ineffective",1,0)))),"Low","Medium","High","Extreme")) | N11: =IF(OR(L11="",M11=""),"",EDATE(L11,M11)) | O11: =IF(N11="","",IF(N11<TODAY(),"OVERDUE",IF(N11-TODAY()<=30,"Due soon","Current")))
K12: =IF(OR(I12="",J12=""),"",CHOOSE(MAX(1,MIN(4,MATCH(I12,{"Low","Medium","High","Extreme"},0)+IF(J12="Effective",-1,IF(J12="Ineffective",1,0)))),"Low","Medium","High","Extreme")) | N12: =IF(OR(L12="",M12=""),"",EDATE(L12,M12)) | O12: =IF(N12="","",IF(N12<TODAY(),"OVERDUE",IF(N12-TODAY()<=30,"Due soon","Current")))
K13: =IF(OR(I13="",J13=""),"",CHOOSE(MAX(1,MIN(4,MATCH(I13,{"Low","Medium","High","Extreme"},0)+IF(J13="Effective",-1,IF(J13="Ineffective",1,0)))),"Low","Medium","High","Extreme")) | N13: =IF(OR(L13="",M13=""),"",EDATE(L13,M13)) | O13: =IF(N13="","",IF(N13<TODAY(),"OVERDUE",IF(N13-TODAY()<=30,"Due soon","Current")))
K14: =IF(OR(I14="",J14=""),"",CHOOSE(MAX(1,MIN(4,MATCH(I14,{"Low","Medium","High","Extreme"},0)+IF(J14="Effective",-1,IF(J14="Ineffective",1,0)))),"Low","Medium","High","Extreme")) | N14: =IF(OR(L14="",M14=""),"",EDATE(L14,M14)) | O14: =IF(N14="","",IF(N14<TODAY(),"OVERDUE",IF(N14-TODAY()<=30,"Due soon","Current")))
K15: =IF(OR(I15="",J15=""),"",CHOOSE(MAX(1,MIN(4,MATCH(I15,{"Low","Medium","High","Extreme"},0)+IF(J15="Effective",-1,IF(J15="Ineffective",1,0)))),"Low","Medium","High","Extreme")) | N15: =IF(OR(L15="",M15=""),"",EDATE(L15,M15)) | O15: =IF(N15="","",IF(N15<TODAY(),"OVERDUE",IF(N15-TODAY()<=30,"Due soon","Current")))
K16: =IF(OR(I16="",J16=""),"",CHOOSE(MAX(1,MIN(4,MATCH(I16,{"Low","Medium","High","Extreme"},0)+IF(J16="Effective",-1,IF(J16="Ineffective",1,0)))),"Low","Medium","High","Extreme")) | N16: =IF(OR(L16="",M16=""),"",EDATE(L16,M16)) | O16: =IF(N16="","",IF(N16<TODAY(),"OVERDUE",IF(N16-TODAY()<=30,"Due soon","Current")))
K17: =IF(OR(I17="",J17=""),"",CHOOSE(MAX(1,MIN(4,MATCH(I17,{"Low","Medium","High","Extreme"},0)+IF(J17="Effective",-1,IF(J17="Ineffective",1,0)))),"Low","Medium","High","Extreme")) | N17: =IF(OR(L17="",M17=""),"",EDATE(L17,M17)) | O17: =IF(N17="","",IF(N17<TODAY(),"OVERDUE",IF(N17-TODAY()<=30,"Due soon","Current")))
K18: =IF(OR(I18="",J18=""),"",CHOOSE(MAX(1,MIN(4,MATCH(I18,{"Low","Medium","High","Extreme"},0)+IF(J18="Effective",-1,IF(J18="Ineffective",1,0)))),"Low","Medium","High","Extreme")) | N18: =IF(OR(L18="",M18=""),"",EDATE(L18,M18)) | O18: =IF(N18="","",IF(N18<TODAY(),"OVERDUE",IF(N18-TODAY()<=30,"Due soon","Current")))
K19: =IF(OR(I19="",J19=""),"",CHOOSE(MAX(1,MIN(4,MATCH(I19,{"Low","Medium","High","Extreme"},0)+IF(J19="Effective",-1,IF(J19="Ineffective",1,0)))),"Low","Medium","High","Extreme")) | N19: =IF(OR(L19="",M19=""),"",EDATE(L19,M19)) | O19: =IF(N19="","",IF(N19<TODAY(),"OVERDUE",IF(N19-TODAY()<=30,"Due soon","Current")))
... K154: =IF(OR(I154="",J154=""),"",CHOOSE(MAX(1,MIN(4,MATCH(I154,{"Low","Medium","High","Extreme"},0)+IF(J154="Effective",-1,IF(J154="Ineffective",1,0)))),"Low","Medium","High","Extreme")) | N154: =IF(OR(L154="",M154=""),"",EDATE(L154,M154)) | O154: =IF(N154="","",IF(N154<TODAY(),"OVERDUE",IF(N154-TODAY()<=30,"Due soon","Current")))

Sheet Dashboard
A1: Dashboard
A2: Updates automatically from the register.
A4: Measure | B4: Value
A5: Obligations recorded | B5: =COUNTA('Obligations register'!$A$5:$A$154) -> 3
A6: Reviews overdue | B6: =COUNTIF('Obligations register'!$O$5:$O$154,"OVERDUE") -> 1
A7: Reviews due in the next 30 days | B7: =COUNTIF('Obligations register'!$O$5:$O$154,"Due soon") -> 0
A8: Residual Extreme | B8: =COUNTIF('Obligations register'!$K$5:$K$154,"Extreme") -> 1
A9: Residual High | B9: =COUNTIF('Obligations register'!$K$5:$K$154,"High") -> 1
A10: Controls not tested | B10: =COUNTIF('Obligations register'!$J$5:$J$154,"Not tested") -> 1
A11: Controls ineffective | B11: =COUNTIF('Obligations register'!$J$5:$J$154,"Ineffective") -> 0
A13: Obligations by source type | B13: Count
A14: Legislation | B14: =COUNTIF('Obligations register'!$B$5:$B$154,A14) -> 2
A15: Regulations | B15: =COUNTIF('Obligations register'!$B$5:$B$154,A15) -> 0
A16: Prudential standard | B16: =COUNTIF('Obligations register'!$B$5:$B$154,A16) -> 1
A17: ASIC legislative instrument | B17: =COUNTIF('Obligations register'!$B$5:$B$154,A17) -> 0
A18: Regulatory guide (guidance) | B18: =COUNTIF('Obligations register'!$B$5:$B$154,A18) -> 0
A19: Industry code | B19: =COUNTIF('Obligations register'!$B$5:$B$154,A19) -> 0
A20: Licence condition | B20: =COUNTIF('Obligations register'!$B$5:$B$154,A20) -> 0
A21: Contract | B21: =COUNTIF('Obligations register'!$B$5:$B$154,A21) -> 0
A22: Internal policy | B22: =COUNTIF('Obligations register'!$B$5:$B$154,A22) -> 0
A24: Obligations by residual risk | B24: Count
A25: Low | B25: =COUNTIF('Obligations register'!$K$5:$K$154,A25) -> 0
A26: Medium | B26: =COUNTIF('Obligations register'!$K$5:$K$154,A26) -> 1
A27: High | B27: =COUNTIF('Obligations register'!$K$5:$K$154,A27) -> 1
A28: Extreme | B28: =COUNTIF('Obligations register'!$K$5:$K$154,A28) -> 1

Sheet Lists
A1: Drop-down lists
A2: Edit these values to suit your organisation. The drop-downs read from this tab.
A4: Source type | B4: Rating | C4: Control effectiveness
A5: Legislation | B5: Low | C5: Effective
A6: Regulations | B6: Medium | C6: Partially effective
A7: Prudential standard | B7: High | C7: Ineffective
A8: ASIC legislative instrument | B8: Extreme | C8: Not tested
A9: Regulatory guide (guidance)
A10: Industry code
A11: Licence condition
A12: Contract
A13: Internal policy
