Workbook

Sheet Summary
A1: Regulatory obligation checklists
A2: RiskLens Australia · free template · version 1.0 (September 2026)
A3: How to use: on each checklist tab, choose a status for every item, note the evidence, and assign owners and actions for gaps. This summary updates automatically. Pale yellow cells are for your entries.
A5: Checklist | B5: Items | C5: Met | D5: Partly met | E5: Not met | F5: Not applicable | G5: Not assessed | H5: % met (of applicable)
A6: CPS 230 Operational risk management | B6: 18 | C6: =COUNTIF('CPS 230'!$D$6:$D$23,"Met") | D6: =COUNTIF('CPS 230'!$D$6:$D$23,"Partly met") | E6: =COUNTIF('CPS 230'!$D$6:$D$23,"Not met") | F6: =COUNTIF('CPS 230'!$D$6:$D$23,"Not applicable") | G6: =COUNTIF('CPS 230'!$D$6:$D$23,"Not assessed") | H6: =IF((B6-F6)=0,"",C6/(B6-F6))
A7: Breach reporting readiness (ASIC reportable situations) | B7: 13 | C7: =COUNTIF('Breach reporting'!$D$6:$D$18,"Met") | D7: =COUNTIF('Breach reporting'!$D$6:$D$18,"Partly met") | E7: =COUNTIF('Breach reporting'!$D$6:$D$18,"Not met") | F7: =COUNTIF('Breach reporting'!$D$6:$D$18,"Not applicable") | G7: =COUNTIF('Breach reporting'!$D$6:$D$18,"Not assessed") | H7: =IF((B7-F7)=0,"",C7/(B7-F7))
A8: Complaints handling (IDR, RG 271) | B8: 11 | C8: =COUNTIF('Complaints (IDR)'!$D$6:$D$16,"Met") | D8: =COUNTIF('Complaints (IDR)'!$D$6:$D$16,"Partly met") | E8: =COUNTIF('Complaints (IDR)'!$D$6:$D$16,"Not met") | F8: =COUNTIF('Complaints (IDR)'!$D$6:$D$16,"Not applicable") | G8: =COUNTIF('Complaints (IDR)'!$D$6:$D$16,"Not assessed") | H8: =IF((B8-F8)=0,"",C8/(B8-F8))
A9: Design and distribution obligations (RG 274) | B9: 9 | C9: =COUNTIF('DDO'!$D$6:$D$14,"Met") | D9: =COUNTIF('DDO'!$D$6:$D$14,"Partly met") | E9: =COUNTIF('DDO'!$D$6:$D$14,"Not met") | F9: =COUNTIF('DDO'!$D$6:$D$14,"Not applicable") | G9: =COUNTIF('DDO'!$D$6:$D$14,"Not assessed") | H9: =IF((B9-F9)=0,"",C9/(B9-F9))
A10: Whistleblower program (Part 9.4AAA, RG 270) | B10: 11 | C10: =COUNTIF('Whistleblower'!$D$6:$D$16,"Met") | D10: =COUNTIF('Whistleblower'!$D$6:$D$16,"Partly met") | E10: =COUNTIF('Whistleblower'!$D$6:$D$16,"Not met") | F10: =COUNTIF('Whistleblower'!$D$6:$D$16,"Not applicable") | G10: =COUNTIF('Whistleblower'!$D$6:$D$16,"Not assessed") | H10: =IF((B10-F10)=0,"",C10/(B10-F10))
A11: Privacy and data breach readiness | B11: 12 | C11: =COUNTIF('Privacy'!$D$6:$D$17,"Met") | D11: =COUNTIF('Privacy'!$D$6:$D$17,"Partly met") | E11: =COUNTIF('Privacy'!$D$6:$D$17,"Not met") | F11: =COUNTIF('Privacy'!$D$6:$D$17,"Not applicable") | G11: =COUNTIF('Privacy'!$D$6:$D$17,"Not assessed") | H11: =IF((B11-F11)=0,"",C11/(B11-F11))
A13: RiskLens Australia provides general educational information only. It is not legal, financial or compliance advice and does not take into account your circumstances. Always refer to the official legislation and regulator guidance, and seek professional advice where appropriate.

Sheet CPS 230
A1: CPS 230 Operational risk management
A2: Applies to: APRA-regulated banks, insurers and super trustees (in force since 1 July 2025).
A3: Explainer: https://hayesskvaril-ctrl.github.io/standards/cps-230.html
A4: Green row = worked example. Replace it with your own assessment.
A5: No. | B5: Requirement or good practice (summary) | C5: Reference | D5: Status | E5: Evidence | F5: Owner | G5: Action required | H5: Due date
A6: 1 | B6: The board is ultimately accountable for operational risk and oversees it; senior management is responsible for implementation. | C6: CPS 230: roles | D6: Partly met | E6: Board approved the framework (minutes 12/05/2026); roles documented in the RMS. | F6: Chief Risk Officer | G6: Add CPS 230 roles to senior managers' accountability statements. | H6: 46387
A7: 2 | B7: Operational risk management is part of the CPS 220 / SPS 220 risk management framework. | C7: CPS 230, CPS 220 | D7: Not assessed
A8: 3 | B8: Operational risks are identified and assessed, including legal, regulatory, compliance, conduct, technology, data and change risks. | C8: CPS 230: operational risk | D8: Not assessed
A9: 4 | B9: Key controls are designed and embedded, and regularly monitored, reviewed and tested for design and operating effectiveness. | C9: CPS 230: controls | D9: Not assessed
A10: 5 | B10: Control weaknesses stay in the risk profile until fixed, and root causes are addressed. | C10: CPS 230: controls | D10: Not assessed
A11: 6 | B11: Operational risk incidents and near misses are identified, escalated, recorded and addressed. | C11: CPS 230: incidents | D11: Not assessed
A12: 7 | B12: A process exists to notify APRA of material operational risk incidents within 72 hours of becoming aware. | C12: CPS 230: notification | D12: Not assessed
A13: 8 | B13: Critical operations are identified, including those APRA deems critical unless justified otherwise. | C13: CPS 230: critical operations | D13: Not assessed
A14: 9 | B14: The board has approved tolerance levels for each critical operation (e.g. maximum disruption period, data loss and minimum service levels). | C14: CPS 230: tolerance levels | D14: Not assessed
A15: 10 | B15: A credible business continuity plan is maintained for staying within tolerance through severe disruption. | C15: CPS 230: BCP | D15: Not assessed
A16: 11 | B16: There is a systematic testing program, including an annual exercise with severe but plausible scenarios (including a service provider failure). | C16: CPS 230: BCP testing | D16: Not assessed
A17: 12 | B17: A process exists to notify APRA within 24 hours of a disruption to a critical operation outside tolerance. | C17: CPS 230: notification | D17: Not assessed
A18: 13 | B18: There is a comprehensive service provider management policy. | C18: CPS 230: service providers | D18: Not assessed
... A23: 18 | B23: APRA is notified within 20 business days of entering into or materially changing an agreement for a service relied on to undertake a critical operation, and before material offshoring. | C23: CPS 230: notification | D23: Not assessed

Sheet Breach reporting
A1: Breach reporting readiness (ASIC reportable situations)
A2: Applies to: AFS licensees and Australian credit licensees, including super trustees.
A3: Explainer: https://hayesskvaril-ctrl.github.io/standards/asic-rg-78.html
A5: No. | B5: Requirement or good practice (summary) | C5: Reference | D5: Status | E5: Evidence | F5: Owner | G5: Action required | H5: Due date
A6: 1 | B6: There is a documented process to identify, record and escalate possible breaches promptly. | C6: RG 78 | D6: Not assessed
A7: 2 | B7: Staff are trained to recognise possible breaches and know how to report them internally. | C7: RG 78 | D7: Not assessed
A8: 3 | B8: The date the licensee became aware (or had reasonable grounds) is recorded for every matter. | C8: RG 78; s 912D | D8: Not assessed
A9: 4 | B9: Each matter is assessed against the core obligations, the deemed significance tests and the significance factors. | C9: RG 78; s 912D | D9: Not assessed
A10: 5 | B10: Significance reasoning is documented, including for matters assessed as not reportable. | C10: RG 78 | D10: Not assessed
A11: 6 | B11: Reportable situations are lodged through the ASIC Regulatory Portal within 30 calendar days. | C11: s 912DAA; RG 78 | D11: Not assessed
A12: 7 | B12: Investigations are tracked, and reported if they run longer than the period allowed (currently 60 days under ASIC relief). | C12: RG 78; ASIC relief | D12: Not assessed
A13: 8 | B13: Obligations to report about other licensees' individual advisers or mortgage brokers are understood where relevant. | C13: RG 78 | D13: Not assessed
A14: 9 | B14: ASIC is updated as facts change after the initial report. | C14: RG 78 | D14: Not assessed
A15: 10 | B15: For super trustees, APRA notification requirements (SIS Act s 29JA) are coordinated with ASIC reporting. | C15: SIS Act s 29JA | D15: Not assessed
A16: 11 | B16: Personal advice licensees notify, investigate and remediate affected clients where required. | C16: ss 912EA–912EB | D16: Not assessed
A17: 12 | B17: A breach register is maintained, and breach trends are reported to management and the board. | C17: Good practice | D17: Not assessed
A18: 13 | B18: Root causes and remediation are tracked to closure. | C18: Good practice; RG 277 | D18: Not assessed

Sheet Complaints (IDR)
A1: Complaints handling (IDR, RG 271)
A2: Applies to: AFS licensees and credit licensees serving retail clients, super trustees and other firms required to have IDR.
A3: Explainer: https://hayesskvaril-ctrl.github.io/standards/asic-rg-271.html
A5: No. | B5: Requirement or good practice (summary) | C5: Reference | D5: Status | E5: Evidence | F5: Owner | G5: Action required | H5: Due date
A6: 1 | B6: Staff can recognise a complaint however it is made, including verbally and on social media where appropriate. | C6: RG 271 | D6: Not assessed
A7: 2 | B7: The complaints policy is published and easy to find, and the process is free for customers. | C7: RG 271 | D7: Not assessed
A8: 3 | B8: Complaints are acknowledged within 24 hours or one business day, or as soon as practicable. | C8: RG 271 | D8: Not assessed
A9: 4 | B9: Complaints are resolved, or an IDR response is given, within the maximum timeframes: generally 30 calendar days, or 45 days for most super complaints. | C9: RG 271 (enforceable) | D9: Not assessed
A10: 5 | B10: Super death benefit objections are handled within their separate timeframe. | C10: RG 271 | D10: Not assessed
A11: 6 | B11: IDR responses are in writing, explain the outcome and reasons, and tell the customer about their right to go to AFCA. | C11: RG 271 (enforceable) | D11: Not assessed
A12: 7 | B12: Every complaint is recorded, including those resolved on first contact. | C12: RG 271 | D12: Not assessed
A13: 8 | B13: People who need extra help (e.g. vulnerable customers) get appropriate support. | C13: RG 271 | D13: Not assessed
A14: 9 | B14: Complaints data is analysed to find systemic issues and root causes, which are escalated and fixed. | C14: RG 271 | D14: Not assessed
A15: 10 | B15: The board and senior management receive regular complaints reporting. | C15: RG 271 | D15: Not assessed
A16: 11 | B16: IDR data is reported to ASIC as required. | C16: ASIC IDR data reporting | D16: Not assessed

Sheet DDO
A1: Design and distribution obligations (RG 274)
A2: Applies to: Issuers and distributors of most retail financial products (MySuper products and some others are excluded).
A3: Explainer: https://hayesskvaril-ctrl.github.io/standards/asic-rg-274.html
A5: No. | B5: Requirement or good practice (summary) | C5: Reference | D5: Status | E5: Evidence | F5: Owner | G5: Action required | H5: Due date
A6: 1 | B6: A target market determination is made and published before distributing each in-scope product. | C6: Part 7.8A; RG 274 | D6: Not assessed
A7: 2 | B7: Each TMD describes the target market, distribution conditions, review triggers, review periods and distributor reporting. | C7: RG 274 | D7: Not assessed
A8: 3 | B8: The target market is specific enough to guide distribution, including who the product is not suitable for where helpful. | C8: RG 274 | D8: Not assessed
A9: 4 | B9: Reasonable steps are taken so that distribution, including marketing, is consistent with the TMD. | C9: s 994E; RG 274 | D9: Not assessed
A10: 5 | B10: Distributors report complaints and dealings outside the target market to the issuer as the TMD requires. | C10: RG 274 | D10: Not assessed
A11: 6 | B11: TMDs are reviewed when a review trigger occurs and within the maximum review period. | C11: RG 274 | D11: Not assessed
A12: 7 | B12: Significant dealings inconsistent with the TMD are notified to ASIC within 10 business days. | C12: s 994G; RG 274 | D12: Not assessed
A13: 8 | B13: Distribution information and decisions are recorded. | C13: RG 274 | D13: Not assessed
A14: 9 | B14: Product outcomes (e.g. complaints, claims, cancellations, performance) are monitored and reported to governance forums. | C14: RG 274 | D14: Not assessed

Sheet Whistleblower
A1: Whistleblower program (Part 9.4AAA, RG 270)
A2: Applies to: Public companies, large proprietary companies and super trustee companies must have a policy. The protections apply more widely.
A3: Explainer: https://hayesskvaril-ctrl.github.io/governance/whistleblower-protections.html
A5: No. | B5: Requirement or good practice (summary) | C5: Reference | D5: Status | E5: Evidence | F5: Owner | G5: Action required | H5: Due date
A6: 1 | B6: A whistleblower policy is in place and available to officers and employees. | C6: s 1317AI; RG 270 | D6: Not assessed
A7: 2 | B7: The policy explains which disclosures are protected and who can receive them. | C7: RG 270 | D7: Not assessed
A8: 3 | B8: The policy explains the protections, including identity confidentiality and protection from detriment. | C8: RG 270 | D8: Not assessed
A9: 4 | B9: The policy explains how disclosures are investigated, and how people mentioned in them are treated fairly. | C9: RG 270 | D9: Not assessed
A10: 5 | B10: There is a channel for anonymous disclosures. | C10: Part 9.4AAA; RG 270 | D10: Not assessed
A11: 6 | B11: Eligible recipients know their role and are trained to handle disclosures. | C11: RG 270 | D11: Not assessed
A12: 7 | B12: Records are secure, and processes protect whistleblowers' identities. | C12: Part 9.4AAA | D12: Not assessed
A13: 8 | B13: The risk of detriment is assessed and monitored for each disclosure. | C13: RG 270 | D13: Not assessed
A14: 9 | B14: Whistleblowers receive appropriate updates on progress and outcomes. | C14: RG 270 | D14: Not assessed
A15: 10 | B15: The board receives reporting on the program without identifying whistleblowers. | C15: RG 270 | D15: Not assessed
A16: 11 | B16: The policy and program are reviewed periodically. | C16: RG 270 | D16: Not assessed

Sheet Privacy
A1: Privacy and data breach readiness
A2: Applies to: Organisations covered by the Privacy Act 1988 (Cth), generally including businesses with turnover over $3 million.
A3: Explainer: https://hayesskvaril-ctrl.github.io/compliance/privacy-law.html
A5: No. | B5: Requirement or good practice (summary) | C5: Reference | D5: Status | E5: Evidence | F5: Owner | G5: Action required | H5: Due date
A6: 1 | B6: An up-to-date APP privacy policy is published. | C6: APP 1 | D6: Not assessed
A7: 2 | B7: The organisation knows what personal information it holds, where, why and for how long. | C7: APP 1, APP 11 | D7: Not assessed
A8: 3 | B8: Collection notices tell people what is collected and why. | C8: APP 5 | D8: Not assessed
A9: 4 | B9: Personal information is used and disclosed only for permitted purposes. | C9: APP 6 | D9: Not assessed
A10: 5 | B10: Disclosures to overseas recipients are identified and managed. | C10: APP 8 | D10: Not assessed
A11: 6 | B11: Reasonable security safeguards are in place, and information is destroyed or de-identified when no longer needed. | C11: APP 11 | D11: Not assessed
A12: 7 | B12: Access and correction requests are handled within required timeframes. | C12: APPs 12 and 13 | D12: Not assessed
A13: 8 | B13: A data breach response plan sets out roles, escalation and decision-making. | C13: OAIC guidance | D13: Not assessed
A14: 9 | B14: Suspected eligible data breaches are assessed quickly, generally within 30 days. | C14: Part IIIC | D14: Not assessed
A15: 10 | B15: Eligible data breaches are notified to the OAIC and affected individuals as soon as practicable. | C15: Part IIIC | D15: Not assessed
A16: 11 | B16: Service provider contracts cover data handling, security and breach notification. | C16: APP 11; good practice | D16: Not assessed
A17: 12 | B17: Staff receive privacy and data security training. | C17: Good practice | D17: Not assessed

Sheet Lists
A1: Status
A2: Met
A3: Partly met
A4: Not met
A5: Not applicable
A6: Not assessed
