Workbook

Sheet Read me
A1: Risk and control self-assessment (RCSA) template
A2: RiskLens Australia · free template · version 1.0 (September 2026)
A4: What this is | B4: A template for business units to assess their key risks and controls, rate inherent and residual risk, and agree actions, with second-line challenge recorded. Background: https://hayesskvaril-ctrl.github.io/risk-management/risk-assessment-methodologies.html and https://hayesskvaril-ctrl.github.io/risk-management/control-design-and-testing.html
A5: How to use it | B5: 1. List each key risk as cause, event and consequence. 2. Rate inherent likelihood and consequence (1 to 5), before controls. 3. List key controls and rate their design and operating effectiveness. The overall control rating takes the weaker of the two. 4. Rate residual likelihood and consequence, after controls. 5. Record whether the residual risk is within appetite, the actions needed and second-line challenge.
A6: Ratings | B6: Score = likelihood x consequence (1 to 25). Bands: 1 to 4 Low, 5 to 9 Medium, 10 to 14 High, 15 to 25 Extreme, the same as the RiskLens risk assessment template. Change the formulas if your organisation uses different bands.
A7: Good practice | B7: Self-assessments are only as good as the challenge they receive. Record the second line's challenge and any changes it led to, and test key controls rather than relying on self-assessed effectiveness.
A8: Colour key | B8: Pale yellow cells: fill these in (many have drop-down lists). Grey-blue cells: calculated automatically; don't type over them. Green rows: worked examples. Replace or delete them.
A9: Important | B9: RiskLens Australia provides general educational information only. It is not legal, financial or compliance advice and does not take into account your circumstances. Always refer to the official legislation and regulator guidance, and seek professional advice where appropriate.
A11: Fill in
A12: Calculated
A13: Example

Sheet RCSA
A1: RCSA
A2: Fill in the yellow cells. Grey-blue cells calculate automatically.
A4: Risk ID | B4: Process or business unit | C4: Risk description (cause, event, consequence) | D4: Risk category | E4: Risk owner | F4: Inherent likelihood (1-5) | G4: Inherent consequence (1-5) | H4: Inherent score | I4: Inherent rating | J4: Key controls | K4: Control type | L4: Control owner | M4: Design effectiveness | N4: Operating effectiveness | O4: Overall control rating | P4: Residual likelihood (1-5) | Q4: Residual consequence (1-5) | R4: Residual score | S4: Residual rating | T4: Within appetite? | U4: Actions required | V4: Action owner | W4: Action due date | X4: Second-line challenge | Y4: Assessment date
A5: R-01 | B5: Benefit payments | C5: Cause: manual keying of bank details. Event: payment made to the wrong account. Consequence: member loss, remediation, complaints and possible fraud. | D5: Operational | E5: Head of Member Services | F5: 4 | G5: 4 | H5: =IF(OR(F5="",G5=""),"",F5*G5) -> 16 | I5: =IF(H5="","",IF(H5>=15,"Extreme",IF(H5>=10,"High",IF(H5>=5,"Medium","Low")))) -> Extreme | J5: Call-back verification of changed bank details; four-eyes approval over $10,000; daily exception report | K5: Preventive | L5: Payments Team Leader | M5: Effective | N5: Partially effective | O5: =IF(OR(M5="",N5=""),"",IF(OR(M5="Ineffective",N5="Ineffective"),"Ineffective",IF(OR(M5="Not tested",N5="Not tested"),"Not tested",IF(OR(M5="Partially effective",N5="Partially effective"),"Partially effective","Effective")))) -> Partially effective | P5: 3 | Q5: 3 | R5: =IF(OR(P5="",Q5=""),"",P5*Q5) -> 9 | S5: =IF(R5="","",IF(R5>=15,"Extreme",IF(R5>=10,"High",IF(R5>=5,"Medium","Low")))) -> Medium | T5: No | U5: Automate bank detail verification; retrain staff on call-back procedure | V5: Head of Member Services | W5: 46387 | X5: Operational Risk challenged the operating rating after three call-back exceptions in Q2 testing; residual likelihood raised from 2 to 3. | Y5: 46266
A6: R-02 | B6: Member communications | C6: Cause: marketing content not reviewed by Compliance. Event: misleading statement about returns. Consequence: breach of s 1041H, deemed significant breach, remediation. | D6: Compliance | E6: Head of Marketing | F6: 3 | G6: 4 | H6: =IF(OR(F6="",G6=""),"",F6*G6) -> 12 | I6: =IF(H6="","",IF(H6>=15,"Extreme",IF(H6>=10,"High",IF(H6>=5,"Medium","Low")))) -> High | J6: Mandatory compliance sign-off in the content workflow; data feed checks for performance figures | K6: Preventive | L6: Compliance Manager | M6: Effective | N6: Effective | O6: =IF(OR(M6="",N6=""),"",IF(OR(M6="Ineffective",N6="Ineffective"),"Ineffective",IF(OR(M6="Not tested",N6="Not tested"),"Not tested",IF(OR(M6="Partially effective",N6="Partially effective"),"Partially effective","Effective")))) -> Effective | P6: 1 | Q6: 4 | R6: =IF(OR(P6="",Q6=""),"",P6*Q6) -> 4 | S6: =IF(R6="","",IF(R6>=15,"Extreme",IF(R6>=10,"High",IF(R6>=5,"Medium","Low")))) -> Low | T6: Yes | X6: Compliance confirmed via sample of 25 campaigns; no exceptions. | Y6: 46266
H7: =IF(OR(F7="",G7=""),"",F7*G7) | I7: =IF(H7="","",IF(H7>=15,"Extreme",IF(H7>=10,"High",IF(H7>=5,"Medium","Low")))) | O7: =IF(OR(M7="",N7=""),"",IF(OR(M7="Ineffective",N7="Ineffective"),"Ineffective",IF(OR(M7="Not tested",N7="Not tested"),"Not tested",IF(OR(M7="Partially effective",N7="Partially effective"),"Partially effective","Effective")))) | R7: =IF(OR(P7="",Q7=""),"",P7*Q7) | S7: =IF(R7="","",IF(R7>=15,"Extreme",IF(R7>=10,"High",IF(R7>=5,"Medium","Low"))))
H8: =IF(OR(F8="",G8=""),"",F8*G8) | I8: =IF(H8="","",IF(H8>=15,"Extreme",IF(H8>=10,"High",IF(H8>=5,"Medium","Low")))) | O8: =IF(OR(M8="",N8=""),"",IF(OR(M8="Ineffective",N8="Ineffective"),"Ineffective",IF(OR(M8="Not tested",N8="Not tested"),"Not tested",IF(OR(M8="Partially effective",N8="Partially effective"),"Partially effective","Effective")))) | R8: =IF(OR(P8="",Q8=""),"",P8*Q8) | S8: =IF(R8="","",IF(R8>=15,"Extreme",IF(R8>=10,"High",IF(R8>=5,"Medium","Low"))))
H9: =IF(OR(F9="",G9=""),"",F9*G9) | I9: =IF(H9="","",IF(H9>=15,"Extreme",IF(H9>=10,"High",IF(H9>=5,"Medium","Low")))) | O9: =IF(OR(M9="",N9=""),"",IF(OR(M9="Ineffective",N9="Ineffective"),"Ineffective",IF(OR(M9="Not tested",N9="Not tested"),"Not tested",IF(OR(M9="Partially effective",N9="Partially effective"),"Partially effective","Effective")))) | R9: =IF(OR(P9="",Q9=""),"",P9*Q9) | S9: =IF(R9="","",IF(R9>=15,"Extreme",IF(R9>=10,"High",IF(R9>=5,"Medium","Low"))))
H10: =IF(OR(F10="",G10=""),"",F10*G10) | I10: =IF(H10="","",IF(H10>=15,"Extreme",IF(H10>=10,"High",IF(H10>=5,"Medium","Low")))) | O10: =IF(OR(M10="",N10=""),"",IF(OR(M10="Ineffective",N10="Ineffective"),"Ineffective",IF(OR(M10="Not tested",N10="Not tested"),"Not tested",IF(OR(M10="Partially effective",N10="Partially effective"),"Partially effective","Effective")))) | R10: =IF(OR(P10="",Q10=""),"",P10*Q10) | S10: =IF(R10="","",IF(R10>=15,"Extreme",IF(R10>=10,"High",IF(R10>=5,"Medium","Low"))))
H11: =IF(OR(F11="",G11=""),"",F11*G11) | I11: =IF(H11="","",IF(H11>=15,"Extreme",IF(H11>=10,"High",IF(H11>=5,"Medium","Low")))) | O11: =IF(OR(M11="",N11=""),"",IF(OR(M11="Ineffective",N11="Ineffective"),"Ineffective",IF(OR(M11="Not tested",N11="Not tested"),"Not tested",IF(OR(M11="Partially effective",N11="Partially effective"),"Partially effective","Effective")))) | R11: =IF(OR(P11="",Q11=""),"",P11*Q11) | S11: =IF(R11="","",IF(R11>=15,"Extreme",IF(R11>=10,"High",IF(R11>=5,"Medium","Low"))))
H12: =IF(OR(F12="",G12=""),"",F12*G12) | I12: =IF(H12="","",IF(H12>=15,"Extreme",IF(H12>=10,"High",IF(H12>=5,"Medium","Low")))) | O12: =IF(OR(M12="",N12=""),"",IF(OR(M12="Ineffective",N12="Ineffective"),"Ineffective",IF(OR(M12="Not tested",N12="Not tested"),"Not tested",IF(OR(M12="Partially effective",N12="Partially effective"),"Partially effective","Effective")))) | R12: =IF(OR(P12="",Q12=""),"",P12*Q12) | S12: =IF(R12="","",IF(R12>=15,"Extreme",IF(R12>=10,"High",IF(R12>=5,"Medium","Low"))))
H13: =IF(OR(F13="",G13=""),"",F13*G13) | I13: =IF(H13="","",IF(H13>=15,"Extreme",IF(H13>=10,"High",IF(H13>=5,"Medium","Low")))) | O13: =IF(OR(M13="",N13=""),"",IF(OR(M13="Ineffective",N13="Ineffective"),"Ineffective",IF(OR(M13="Not tested",N13="Not tested"),"Not tested",IF(OR(M13="Partially effective",N13="Partially effective"),"Partially effective","Effective")))) | R13: =IF(OR(P13="",Q13=""),"",P13*Q13) | S13: =IF(R13="","",IF(R13>=15,"Extreme",IF(R13>=10,"High",IF(R13>=5,"Medium","Low"))))
H14: =IF(OR(F14="",G14=""),"",F14*G14) | I14: =IF(H14="","",IF(H14>=15,"Extreme",IF(H14>=10,"High",IF(H14>=5,"Medium","Low")))) | O14: =IF(OR(M14="",N14=""),"",IF(OR(M14="Ineffective",N14="Ineffective"),"Ineffective",IF(OR(M14="Not tested",N14="Not tested"),"Not tested",IF(OR(M14="Partially effective",N14="Partially effective"),"Partially effective","Effective")))) | R14: =IF(OR(P14="",Q14=""),"",P14*Q14) | S14: =IF(R14="","",IF(R14>=15,"Extreme",IF(R14>=10,"High",IF(R14>=5,"Medium","Low"))))
H15: =IF(OR(F15="",G15=""),"",F15*G15) | I15: =IF(H15="","",IF(H15>=15,"Extreme",IF(H15>=10,"High",IF(H15>=5,"Medium","Low")))) | O15: =IF(OR(M15="",N15=""),"",IF(OR(M15="Ineffective",N15="Ineffective"),"Ineffective",IF(OR(M15="Not tested",N15="Not tested"),"Not tested",IF(OR(M15="Partially effective",N15="Partially effective"),"Partially effective","Effective")))) | R15: =IF(OR(P15="",Q15=""),"",P15*Q15) | S15: =IF(R15="","",IF(R15>=15,"Extreme",IF(R15>=10,"High",IF(R15>=5,"Medium","Low"))))
H16: =IF(OR(F16="",G16=""),"",F16*G16) | I16: =IF(H16="","",IF(H16>=15,"Extreme",IF(H16>=10,"High",IF(H16>=5,"Medium","Low")))) | O16: =IF(OR(M16="",N16=""),"",IF(OR(M16="Ineffective",N16="Ineffective"),"Ineffective",IF(OR(M16="Not tested",N16="Not tested"),"Not tested",IF(OR(M16="Partially effective",N16="Partially effective"),"Partially effective","Effective")))) | R16: =IF(OR(P16="",Q16=""),"",P16*Q16) | S16: =IF(R16="","",IF(R16>=15,"Extreme",IF(R16>=10,"High",IF(R16>=5,"Medium","Low"))))
H17: =IF(OR(F17="",G17=""),"",F17*G17) | I17: =IF(H17="","",IF(H17>=15,"Extreme",IF(H17>=10,"High",IF(H17>=5,"Medium","Low")))) | O17: =IF(OR(M17="",N17=""),"",IF(OR(M17="Ineffective",N17="Ineffective"),"Ineffective",IF(OR(M17="Not tested",N17="Not tested"),"Not tested",IF(OR(M17="Partially effective",N17="Partially effective"),"Partially effective","Effective")))) | R17: =IF(OR(P17="",Q17=""),"",P17*Q17) | S17: =IF(R17="","",IF(R17>=15,"Extreme",IF(R17>=10,"High",IF(R17>=5,"Medium","Low"))))
H18: =IF(OR(F18="",G18=""),"",F18*G18) | I18: =IF(H18="","",IF(H18>=15,"Extreme",IF(H18>=10,"High",IF(H18>=5,"Medium","Low")))) | O18: =IF(OR(M18="",N18=""),"",IF(OR(M18="Ineffective",N18="Ineffective"),"Ineffective",IF(OR(M18="Not tested",N18="Not tested"),"Not tested",IF(OR(M18="Partially effective",N18="Partially effective"),"Partially effective","Effective")))) | R18: =IF(OR(P18="",Q18=""),"",P18*Q18) | S18: =IF(R18="","",IF(R18>=15,"Extreme",IF(R18>=10,"High",IF(R18>=5,"Medium","Low"))))
... H84: =IF(OR(F84="",G84=""),"",F84*G84) | I84: =IF(H84="","",IF(H84>=15,"Extreme",IF(H84>=10,"High",IF(H84>=5,"Medium","Low")))) | O84: =IF(OR(M84="",N84=""),"",IF(OR(M84="Ineffective",N84="Ineffective"),"Ineffective",IF(OR(M84="Not tested",N84="Not tested"),"Not tested",IF(OR(M84="Partially effective",N84="Partially effective"),"Partially effective","Effective")))) | R84: =IF(OR(P84="",Q84=""),"",P84*Q84) | S84: =IF(R84="","",IF(R84>=15,"Extreme",IF(R84>=10,"High",IF(R84>=5,"Medium","Low"))))

Sheet Dashboard
A1: Dashboard
A2: Updates automatically from the register.
A4: Measure | B4: Value
A5: Risks assessed | B5: =COUNTA(RCSA!$A$5:$A$84) -> 2
A6: Residual Extreme | B6: =COUNTIF(RCSA!$S$5:$S$84,"Extreme") -> 0
A7: Residual High | B7: =COUNTIF(RCSA!$S$5:$S$84,"High") -> 0
A8: Outside appetite | B8: =COUNTIF(RCSA!$T$5:$T$84,"No") -> 1
A9: Controls rated ineffective | B9: =COUNTIF(RCSA!$O$5:$O$84,"Ineffective") -> 0
A10: Controls not tested | B10: =COUNTIF(RCSA!$O$5:$O$84,"Not tested") -> 0
A12: Risks by category | B12: Count
A13: Operational | B13: =COUNTIF(RCSA!$D$5:$D$84,A13) -> 1
A14: Compliance | B14: =COUNTIF(RCSA!$D$5:$D$84,A14) -> 1
A15: Conduct | B15: =COUNTIF(RCSA!$D$5:$D$84,A15) -> 0
A16: Technology and cyber | B16: =COUNTIF(RCSA!$D$5:$D$84,A16) -> 0
A17: Third party | B17: =COUNTIF(RCSA!$D$5:$D$84,A17) -> 0
A18: People | B18: =COUNTIF(RCSA!$D$5:$D$84,A18) -> 0
A19: Financial | B19: =COUNTIF(RCSA!$D$5:$D$84,A19) -> 0
A20: Strategic | B20: =COUNTIF(RCSA!$D$5:$D$84,A20) -> 0
A21: Investment | B21: =COUNTIF(RCSA!$D$5:$D$84,A21) -> 0
A22: Reputational | B22: =COUNTIF(RCSA!$D$5:$D$84,A22) -> 0

Sheet Lists
A1: Drop-down lists
A2: Edit these values to suit your organisation. The drop-downs read from this tab.
A4: Risk category | B4: 1 to 5 | C4: Effectiveness | D4: Control type | E4: Yes / No
A5: Operational | B5: 1 | C5: Effective | D5: Preventive | E5: Yes
A6: Compliance | B6: 2 | C6: Partially effective | D6: Detective | E6: No
A7: Conduct | B7: 3 | C7: Ineffective | D7: Corrective
A8: Technology and cyber | B8: 4 | C8: Not tested
A9: Third party | B9: 5
A10: People
A11: Financial
A12: Strategic
A13: Investment
A14: Reputational
