Workbook

Sheet Read me
A1: Risk assessment template
A2: RiskLens Australia · free template · version 1.0 (September 2026)
A4: What this is | B4: A simple risk register for identifying, rating and treating risks. It follows the common likelihood × consequence approach explained at https://hayesskvaril-ctrl.github.io/risk-management/risk-assessment-methodologies.html
A5: How to use it | B5: 1. Review the 'Scales' tab and adjust the descriptions to suit your organisation (and your approved risk management framework). 2. In 'Risk assessment', describe each risk (cause, event, consequence), rate it before controls (inherent), list key controls, then rate it with current controls (residual). 3. Decide on treatment for risks outside appetite, and record actions, owners and due dates. 4. The 'Heat map' tab updates automatically from the residual and inherent ratings.
A6: Colour key | B6: Pale yellow cells: fill these in (many have drop-down lists). Grey-blue cells: calculated automatically; don't type over them. Green row: a worked example. Replace or delete it.
A7: Appetite setting | B7: The 'Scales' tab has one cell for the highest residual score treated as within appetite (default 9 = top of Medium). Change it to match your risk appetite statement.
A8: Tips | B8: Describe risks as cause → event → consequence. Rate the most likely credible impact, not the worst imaginable one (use scenario analysis for extremes). Record evidence for control effectiveness, such as recent control testing.
A9: Important | B9: RiskLens Australia provides general educational information only. It is not legal, financial or compliance advice and does not take into account your circumstances. Always refer to the official legislation and regulator guidance, and seek professional advice where appropriate.
A11: Fill in
A12: Calculated
A13: Example

Sheet Scales
A1: Rating scales
A2: Examples only. Replace with the scales in your organisation's approved risk management framework. | H2: Drop-down list values (edit to suit)
A4: Rating | B4: Likelihood | C4: Description (example) | H4: Categories | I4: Control type | J4: Treatment | K4: Status
A5: 1 | B5: Rare | C5: May occur only in exceptional circumstances (e.g. less than once in 20 years) | H5: Strategic | I5: Preventive | J5: Accept | K5: Open
A6: 2 | B6: Unlikely | C6: Could occur at some time (e.g. once in 5–20 years) | H6: Operational | I6: Detective | J6: Reduce | K6: In progress
A7: 3 | B7: Possible | C7: Might occur (e.g. once in 1–5 years) | H7: Compliance | I7: Corrective | J7: Share or transfer | K7: Complete
A8: 4 | B8: Likely | C8: Will probably occur (e.g. about once a year) | H8: Conduct | I8: Directive | J8: Avoid | K8: Overdue
A9: 5 | B9: Almost certain | C9: Expected to occur (e.g. several times a year) | H9: Technology and cyber | K9: Closed
H10: Third party
A11: Rating | B11: Consequence | C11: Members / customers | D11: Financial (example) | E11: Regulatory | F11: Operations | H11: People
A12: 1 | B12: Insignificant | C12: Negligible impact | D12: Under $10k | E12: No breach, or minor breach not reportable | F12: No noticeable disruption | H12: Financial
A13: 2 | B13: Minor | C13: Small number affected, quickly fixed | D13: $10k–$100k | E13: Minor breach; internal reporting only | F13: Brief disruption within tolerance | H13: Investment
A14: 3 | B14: Moderate | C14: Noticeable harm to a group of members | D14: $100k–$1m | E14: Possible reportable breach | F14: Disruption close to tolerance | H14: Insurance
A15: 4 | B15: Major | C15: Significant harm to many members | D15: $1m–$10m | E15: Reportable breach; regulator scrutiny | F15: Critical operation outside tolerance | H15: Reputational
A16: 5 | B16: Severe | C16: Widespread or lasting harm | D16: Over $10m | E16: Enforcement action; licence at risk | F16: Prolonged failure of critical operations | H16: Other
A18: Minimum score | B18: Rating | C18: Typical response (example)
A19: 1 | B19: Low | C19: Manage through routine procedures; review periodically.
A20: 5 | B20: Medium | C20: Management attention; confirm controls are effective and monitor.
A21: 10 | B21: High | C21: Senior management attention; treatment plan with owner and due date.
A22: 15 | B22: Extreme | C22: Immediate executive and board attention; act now to reduce the risk.
A24: Highest residual score within appetite | C24: 9 | D24: Default 9 = top of the Medium band. Change to match your risk appetite statement.
A26: Control effectiveness | B26: Meaning (example)
A27: Effective | B27: Well designed and tested as operating reliably.
A28: Partially effective | B28: Some design or operating gaps; reduces the risk but not fully.
A29: Ineffective | B29: Not designed well or not operating; little reduction in risk.
A30: Not tested | B30: No recent evidence of effectiveness.

Sheet Risk assessment
A1: Risk assessment
A2: Fill in the pale yellow cells. Scores, ratings and appetite checks calculate automatically.
A4: Risk ID | B4: Risk title | C4: Description (cause → event → consequence) | D4: Category | E4: Risk owner | F4: Inherent likelihood (1–5) | G4: Inherent consequence (1–5) | H4: Inherent score | I4: Inherent rating | J4: Key controls | K4: Control type | L4: Control effectiveness | M4: Residual likelihood (1–5) | N4: Residual consequence (1–5) | O4: Residual score | P4: Residual rating | Q4: Within appetite? | R4: Treatment decision | S4: Treatment actions | T4: Action owner | U4: Due date | V4: Target likelihood (1–5) | W4: Target consequence (1–5) | X4: Target score | Y4: Action status | Z4: Last reviewed | AA4: Notes / evidence
A5: R001 | B5: Fee calculation error | C5: Cause: product or system changes not tested for fee impacts. Event: fees calculated incorrectly. Consequence: members overcharged, remediation cost, reportable breach. | D5: Operational | E5: Head of Operations | F5: 4 | G5: 3 | H5: =IF(AND(ISNUMBER(F5),ISNUMBER(G5)),F5*G5,"") -> 12 | I5: =IF(H5="","",LOOKUP(H5,Scales!$A$19:$A$22,Scales!$B$19:$B$22)) -> High | J5: Change testing checklist includes fee scenarios; monthly independent fee reconciliation; administrator SLA reporting. | K5: Detective | L5: Partially effective | M5: 2 | N5: 3 | O5: =IF(AND(ISNUMBER(M5),ISNUMBER(N5)),M5*N5,"") -> 6 | P5: =IF(O5="","",LOOKUP(O5,Scales!$A$19:$A$22,Scales!$B$19:$B$22)) -> Medium | Q5: =IF(O5="","",IF(O5<=Scales!$C$24,"Within","Outside")) -> Within | R5: Reduce | S5: Automate fee reconciliation; add fee sign-off to product change process. | T5: Product Manager | U5: 46387 | V5: 1 | W5: 3 | X5: =IF(AND(ISNUMBER(V5),ISNUMBER(W5)),V5*W5,"") -> 3 | Y5: In progress | Z5: 46292 | AA5: Reconciliation tested Q2: 1 exception found.
H6: =IF(AND(ISNUMBER(F6),ISNUMBER(G6)),F6*G6,"") | I6: =IF(H6="","",LOOKUP(H6,Scales!$A$19:$A$22,Scales!$B$19:$B$22)) | O6: =IF(AND(ISNUMBER(M6),ISNUMBER(N6)),M6*N6,"") | P6: =IF(O6="","",LOOKUP(O6,Scales!$A$19:$A$22,Scales!$B$19:$B$22)) | Q6: =IF(O6="","",IF(O6<=Scales!$C$24,"Within","Outside")) | X6: =IF(AND(ISNUMBER(V6),ISNUMBER(W6)),V6*W6,"")
H7: =IF(AND(ISNUMBER(F7),ISNUMBER(G7)),F7*G7,"") | I7: =IF(H7="","",LOOKUP(H7,Scales!$A$19:$A$22,Scales!$B$19:$B$22)) | O7: =IF(AND(ISNUMBER(M7),ISNUMBER(N7)),M7*N7,"") | P7: =IF(O7="","",LOOKUP(O7,Scales!$A$19:$A$22,Scales!$B$19:$B$22)) | Q7: =IF(O7="","",IF(O7<=Scales!$C$24,"Within","Outside")) | X7: =IF(AND(ISNUMBER(V7),ISNUMBER(W7)),V7*W7,"")
H8: =IF(AND(ISNUMBER(F8),ISNUMBER(G8)),F8*G8,"") | I8: =IF(H8="","",LOOKUP(H8,Scales!$A$19:$A$22,Scales!$B$19:$B$22)) | O8: =IF(AND(ISNUMBER(M8),ISNUMBER(N8)),M8*N8,"") | P8: =IF(O8="","",LOOKUP(O8,Scales!$A$19:$A$22,Scales!$B$19:$B$22)) | Q8: =IF(O8="","",IF(O8<=Scales!$C$24,"Within","Outside")) | X8: =IF(AND(ISNUMBER(V8),ISNUMBER(W8)),V8*W8,"")
H9: =IF(AND(ISNUMBER(F9),ISNUMBER(G9)),F9*G9,"") | I9: =IF(H9="","",LOOKUP(H9,Scales!$A$19:$A$22,Scales!$B$19:$B$22)) | O9: =IF(AND(ISNUMBER(M9),ISNUMBER(N9)),M9*N9,"") | P9: =IF(O9="","",LOOKUP(O9,Scales!$A$19:$A$22,Scales!$B$19:$B$22)) | Q9: =IF(O9="","",IF(O9<=Scales!$C$24,"Within","Outside")) | X9: =IF(AND(ISNUMBER(V9),ISNUMBER(W9)),V9*W9,"")
H10: =IF(AND(ISNUMBER(F10),ISNUMBER(G10)),F10*G10,"") | I10: =IF(H10="","",LOOKUP(H10,Scales!$A$19:$A$22,Scales!$B$19:$B$22)) | O10: =IF(AND(ISNUMBER(M10),ISNUMBER(N10)),M10*N10,"") | P10: =IF(O10="","",LOOKUP(O10,Scales!$A$19:$A$22,Scales!$B$19:$B$22)) | Q10: =IF(O10="","",IF(O10<=Scales!$C$24,"Within","Outside")) | X10: =IF(AND(ISNUMBER(V10),ISNUMBER(W10)),V10*W10,"")
H11: =IF(AND(ISNUMBER(F11),ISNUMBER(G11)),F11*G11,"") | I11: =IF(H11="","",LOOKUP(H11,Scales!$A$19:$A$22,Scales!$B$19:$B$22)) | O11: =IF(AND(ISNUMBER(M11),ISNUMBER(N11)),M11*N11,"") | P11: =IF(O11="","",LOOKUP(O11,Scales!$A$19:$A$22,Scales!$B$19:$B$22)) | Q11: =IF(O11="","",IF(O11<=Scales!$C$24,"Within","Outside")) | X11: =IF(AND(ISNUMBER(V11),ISNUMBER(W11)),V11*W11,"")
H12: =IF(AND(ISNUMBER(F12),ISNUMBER(G12)),F12*G12,"") | I12: =IF(H12="","",LOOKUP(H12,Scales!$A$19:$A$22,Scales!$B$19:$B$22)) | O12: =IF(AND(ISNUMBER(M12),ISNUMBER(N12)),M12*N12,"") | P12: =IF(O12="","",LOOKUP(O12,Scales!$A$19:$A$22,Scales!$B$19:$B$22)) | Q12: =IF(O12="","",IF(O12<=Scales!$C$24,"Within","Outside")) | X12: =IF(AND(ISNUMBER(V12),ISNUMBER(W12)),V12*W12,"")
H13: =IF(AND(ISNUMBER(F13),ISNUMBER(G13)),F13*G13,"") | I13: =IF(H13="","",LOOKUP(H13,Scales!$A$19:$A$22,Scales!$B$19:$B$22)) | O13: =IF(AND(ISNUMBER(M13),ISNUMBER(N13)),M13*N13,"") | P13: =IF(O13="","",LOOKUP(O13,Scales!$A$19:$A$22,Scales!$B$19:$B$22)) | Q13: =IF(O13="","",IF(O13<=Scales!$C$24,"Within","Outside")) | X13: =IF(AND(ISNUMBER(V13),ISNUMBER(W13)),V13*W13,"")
H14: =IF(AND(ISNUMBER(F14),ISNUMBER(G14)),F14*G14,"") | I14: =IF(H14="","",LOOKUP(H14,Scales!$A$19:$A$22,Scales!$B$19:$B$22)) | O14: =IF(AND(ISNUMBER(M14),ISNUMBER(N14)),M14*N14,"") | P14: =IF(O14="","",LOOKUP(O14,Scales!$A$19:$A$22,Scales!$B$19:$B$22)) | Q14: =IF(O14="","",IF(O14<=Scales!$C$24,"Within","Outside")) | X14: =IF(AND(ISNUMBER(V14),ISNUMBER(W14)),V14*W14,"")
H15: =IF(AND(ISNUMBER(F15),ISNUMBER(G15)),F15*G15,"") | I15: =IF(H15="","",LOOKUP(H15,Scales!$A$19:$A$22,Scales!$B$19:$B$22)) | O15: =IF(AND(ISNUMBER(M15),ISNUMBER(N15)),M15*N15,"") | P15: =IF(O15="","",LOOKUP(O15,Scales!$A$19:$A$22,Scales!$B$19:$B$22)) | Q15: =IF(O15="","",IF(O15<=Scales!$C$24,"Within","Outside")) | X15: =IF(AND(ISNUMBER(V15),ISNUMBER(W15)),V15*W15,"")
H16: =IF(AND(ISNUMBER(F16),ISNUMBER(G16)),F16*G16,"") | I16: =IF(H16="","",LOOKUP(H16,Scales!$A$19:$A$22,Scales!$B$19:$B$22)) | O16: =IF(AND(ISNUMBER(M16),ISNUMBER(N16)),M16*N16,"") | P16: =IF(O16="","",LOOKUP(O16,Scales!$A$19:$A$22,Scales!$B$19:$B$22)) | Q16: =IF(O16="","",IF(O16<=Scales!$C$24,"Within","Outside")) | X16: =IF(AND(ISNUMBER(V16),ISNUMBER(W16)),V16*W16,"")
H17: =IF(AND(ISNUMBER(F17),ISNUMBER(G17)),F17*G17,"") | I17: =IF(H17="","",LOOKUP(H17,Scales!$A$19:$A$22,Scales!$B$19:$B$22)) | O17: =IF(AND(ISNUMBER(M17),ISNUMBER(N17)),M17*N17,"") | P17: =IF(O17="","",LOOKUP(O17,Scales!$A$19:$A$22,Scales!$B$19:$B$22)) | Q17: =IF(O17="","",IF(O17<=Scales!$C$24,"Within","Outside")) | X17: =IF(AND(ISNUMBER(V17),ISNUMBER(W17)),V17*W17,"")
... H64: =IF(AND(ISNUMBER(F64),ISNUMBER(G64)),F64*G64,"") | I64: =IF(H64="","",LOOKUP(H64,Scales!$A$19:$A$22,Scales!$B$19:$B$22)) | O64: =IF(AND(ISNUMBER(M64),ISNUMBER(N64)),M64*N64,"") | P64: =IF(O64="","",LOOKUP(O64,Scales!$A$19:$A$22,Scales!$B$19:$B$22)) | Q64: =IF(O64="","",IF(O64<=Scales!$C$24,"Within","Outside")) | X64: =IF(AND(ISNUMBER(V64),ISNUMBER(W64)),V64*W64,"")

Sheet Heat map
A1: Heat maps
A2: Counts of risks in each cell. These update automatically from the Risk assessment tab.
A4: Residual risk (with current controls)
A5: 5 Almost certain | B5: =COUNTIFS('Risk assessment'!$M$5:$M$64,5,'Risk assessment'!$N$5:$N$64,1) -> 0 | C5: =COUNTIFS('Risk assessment'!$M$5:$M$64,5,'Risk assessment'!$N$5:$N$64,2) -> 0 | D5: =COUNTIFS('Risk assessment'!$M$5:$M$64,5,'Risk assessment'!$N$5:$N$64,3) -> 0 | E5: =COUNTIFS('Risk assessment'!$M$5:$M$64,5,'Risk assessment'!$N$5:$N$64,4) -> 0 | F5: =COUNTIFS('Risk assessment'!$M$5:$M$64,5,'Risk assessment'!$N$5:$N$64,5) -> 0 | H5: Summary
A6: 4 Likely | B6: =COUNTIFS('Risk assessment'!$M$5:$M$64,4,'Risk assessment'!$N$5:$N$64,1) -> 0 | C6: =COUNTIFS('Risk assessment'!$M$5:$M$64,4,'Risk assessment'!$N$5:$N$64,2) -> 0 | D6: =COUNTIFS('Risk assessment'!$M$5:$M$64,4,'Risk assessment'!$N$5:$N$64,3) -> 0 | E6: =COUNTIFS('Risk assessment'!$M$5:$M$64,4,'Risk assessment'!$N$5:$N$64,4) -> 0 | F6: =COUNTIFS('Risk assessment'!$M$5:$M$64,4,'Risk assessment'!$N$5:$N$64,5) -> 0 | H6: Risks recorded | I6: =COUNTA('Risk assessment'!$B$5:$B$64) -> 1
A7: 3 Possible | B7: =COUNTIFS('Risk assessment'!$M$5:$M$64,3,'Risk assessment'!$N$5:$N$64,1) -> 0 | C7: =COUNTIFS('Risk assessment'!$M$5:$M$64,3,'Risk assessment'!$N$5:$N$64,2) -> 0 | D7: =COUNTIFS('Risk assessment'!$M$5:$M$64,3,'Risk assessment'!$N$5:$N$64,3) -> 0 | E7: =COUNTIFS('Risk assessment'!$M$5:$M$64,3,'Risk assessment'!$N$5:$N$64,4) -> 0 | F7: =COUNTIFS('Risk assessment'!$M$5:$M$64,3,'Risk assessment'!$N$5:$N$64,5) -> 0 | H7: Residual Extreme | I7: =COUNTIF('Risk assessment'!$P$5:$P$64,"Extreme") -> 0
A8: 2 Unlikely | B8: =COUNTIFS('Risk assessment'!$M$5:$M$64,2,'Risk assessment'!$N$5:$N$64,1) -> 0 | C8: =COUNTIFS('Risk assessment'!$M$5:$M$64,2,'Risk assessment'!$N$5:$N$64,2) -> 0 | D8: =COUNTIFS('Risk assessment'!$M$5:$M$64,2,'Risk assessment'!$N$5:$N$64,3) -> 1 | E8: =COUNTIFS('Risk assessment'!$M$5:$M$64,2,'Risk assessment'!$N$5:$N$64,4) -> 0 | F8: =COUNTIFS('Risk assessment'!$M$5:$M$64,2,'Risk assessment'!$N$5:$N$64,5) -> 0 | H8: Residual High | I8: =COUNTIF('Risk assessment'!$P$5:$P$64,"High") -> 0
A9: 1 Rare | B9: =COUNTIFS('Risk assessment'!$M$5:$M$64,1,'Risk assessment'!$N$5:$N$64,1) -> 0 | C9: =COUNTIFS('Risk assessment'!$M$5:$M$64,1,'Risk assessment'!$N$5:$N$64,2) -> 0 | D9: =COUNTIFS('Risk assessment'!$M$5:$M$64,1,'Risk assessment'!$N$5:$N$64,3) -> 0 | E9: =COUNTIFS('Risk assessment'!$M$5:$M$64,1,'Risk assessment'!$N$5:$N$64,4) -> 0 | F9: =COUNTIFS('Risk assessment'!$M$5:$M$64,1,'Risk assessment'!$N$5:$N$64,5) -> 0 | H9: Residual Medium | I9: =COUNTIF('Risk assessment'!$P$5:$P$64,"Medium") -> 1
B10: 1 Insignificant | C10: 2 Minor | D10: 3 Moderate | E10: 4 Major | F10: 5 Severe | H10: Residual Low | I10: =COUNTIF('Risk assessment'!$P$5:$P$64,"Low") -> 0
B11: Likelihood (rows) × consequence (columns). Blank cells have no risks. | H11: Outside appetite | I11: =COUNTIF('Risk assessment'!$Q$5:$Q$64,"Outside") -> 0
A14: Inherent risk (before controls)
A15: 5 Almost certain | B15: =COUNTIFS('Risk assessment'!$F$5:$F$64,5,'Risk assessment'!$G$5:$G$64,1) -> 0 | C15: =COUNTIFS('Risk assessment'!$F$5:$F$64,5,'Risk assessment'!$G$5:$G$64,2) -> 0 | D15: =COUNTIFS('Risk assessment'!$F$5:$F$64,5,'Risk assessment'!$G$5:$G$64,3) -> 0 | E15: =COUNTIFS('Risk assessment'!$F$5:$F$64,5,'Risk assessment'!$G$5:$G$64,4) -> 0 | F15: =COUNTIFS('Risk assessment'!$F$5:$F$64,5,'Risk assessment'!$G$5:$G$64,5) -> 0
A16: 4 Likely | B16: =COUNTIFS('Risk assessment'!$F$5:$F$64,4,'Risk assessment'!$G$5:$G$64,1) -> 0 | C16: =COUNTIFS('Risk assessment'!$F$5:$F$64,4,'Risk assessment'!$G$5:$G$64,2) -> 0 | D16: =COUNTIFS('Risk assessment'!$F$5:$F$64,4,'Risk assessment'!$G$5:$G$64,3) -> 1 | E16: =COUNTIFS('Risk assessment'!$F$5:$F$64,4,'Risk assessment'!$G$5:$G$64,4) -> 0 | F16: =COUNTIFS('Risk assessment'!$F$5:$F$64,4,'Risk assessment'!$G$5:$G$64,5) -> 0
A17: 3 Possible | B17: =COUNTIFS('Risk assessment'!$F$5:$F$64,3,'Risk assessment'!$G$5:$G$64,1) -> 0 | C17: =COUNTIFS('Risk assessment'!$F$5:$F$64,3,'Risk assessment'!$G$5:$G$64,2) -> 0 | D17: =COUNTIFS('Risk assessment'!$F$5:$F$64,3,'Risk assessment'!$G$5:$G$64,3) -> 0 | E17: =COUNTIFS('Risk assessment'!$F$5:$F$64,3,'Risk assessment'!$G$5:$G$64,4) -> 0 | F17: =COUNTIFS('Risk assessment'!$F$5:$F$64,3,'Risk assessment'!$G$5:$G$64,5) -> 0
A18: 2 Unlikely | B18: =COUNTIFS('Risk assessment'!$F$5:$F$64,2,'Risk assessment'!$G$5:$G$64,1) -> 0 | C18: =COUNTIFS('Risk assessment'!$F$5:$F$64,2,'Risk assessment'!$G$5:$G$64,2) -> 0 | D18: =COUNTIFS('Risk assessment'!$F$5:$F$64,2,'Risk assessment'!$G$5:$G$64,3) -> 0 | E18: =COUNTIFS('Risk assessment'!$F$5:$F$64,2,'Risk assessment'!$G$5:$G$64,4) -> 0 | F18: =COUNTIFS('Risk assessment'!$F$5:$F$64,2,'Risk assessment'!$G$5:$G$64,5) -> 0
A19: 1 Rare | B19: =COUNTIFS('Risk assessment'!$F$5:$F$64,1,'Risk assessment'!$G$5:$G$64,1) -> 0 | C19: =COUNTIFS('Risk assessment'!$F$5:$F$64,1,'Risk assessment'!$G$5:$G$64,2) -> 0 | D19: =COUNTIFS('Risk assessment'!$F$5:$F$64,1,'Risk assessment'!$G$5:$G$64,3) -> 0 | E19: =COUNTIFS('Risk assessment'!$F$5:$F$64,1,'Risk assessment'!$G$5:$G$64,4) -> 0 | F19: =COUNTIFS('Risk assessment'!$F$5:$F$64,1,'Risk assessment'!$G$5:$G$64,5) -> 0
B20: 1 Insignificant | C20: 2 Minor | D20: 3 Moderate | E20: 4 Major | F20: 5 Severe
B21: Likelihood (rows) × consequence (columns). Blank cells have no risks.
